Date,Type,Name,Start,End,Duration,File
2015/10/21,place,Home,2015-10-21T10:40:51+08:00,2015-10-21T21:25:27+08:00,0,
2015/10/21,move,walking,2015-10-21T21:25:27+08:00,2015-10-21T21:33:08+08:00,461.0,20151021T212527.csv
2015/10/21,move,transport,2015-10-21T21:33:08+08:00,2015-10-21T21:52:08+08:00,1140.0,20151021T213308.csv
2015/10/21,move,walking,2015-10-21T21:52:08+08:00,2015-10-21T21:58:44+08:00,396.0,20151021T215208.csv
2015/10/21,place,frog design,2015-10-21T21:58:44+08:00,2015-10-22T00:58:15+08:00,0,
2015/10/22,place,frog design,2015-10-21T21:58:44+08:00,2015-10-22T00:58:15+08:00,0,
2015/10/22,move,walking,2015-10-22T00:58:15+08:00,2015-10-22T01:08:31+08:00,616.0,20151022T005815.csv
2015/10/22,place,The Garden at St. Luke in the Fields,2015-10-22T01:08:30+08:00,2015-10-22T01:34:11+08:00,0,
2015/10/22,move,walking,2015-10-22T01:34:11+08:00,2015-10-22T01:43:12+08:00,541.0,20151022T013411.csv
2015/10/22,place,frog design,2015-10-22T01:43:12+08:00,2015-10-22T07:11:29+08:00,0,
2015/10/22,place,Home,2015-10-22T08:39:56+08:00,2015-10-22T21:26:21+08:00,0,
2015/10/22,move,walking,2015-10-22T21:26:21+08:00,2015-10-22T21:35:08+08:00,527.0,20151022T212621.csv
2015/10/22,move,transport,2015-10-22T21:35:09+08:00,2015-10-22T21:51:11+08:00,962.0,20151022T213509.csv
2015/10/22,move,walking,2015-10-22T21:51:10+08:00,2015-10-22T21:57:42+08:00,392.0,20151022T215110.csv
2015/10/22,place,frog design,2015-10-22T21:57:43+08:00,2015-10-23T06:58:09+08:00,0,
2015/10/23,place,frog design,2015-10-22T21:57:43+08:00,2015-10-23T06:58:09+08:00,0,
2015/10/23,move,walking,2015-10-23T06:58:09+08:00,2015-10-23T07:04:55+08:00,406.0,20151023T065809.csv
2015/10/23,move,transport,2015-10-23T07:04:55+08:00,2015-10-23T07:12:26+08:00,451.0,20151023T070455.csv
2015/10/23,move,walking,2015-10-23T07:12:25+08:00,2015-10-23T07:18:31+08:00,366.0,20151023T071225.csv
2015/10/23,place,Till & Sprocket,2015-10-23T07:18:31+08:00,2015-10-23T08:28:19+08:00,0,
2015/10/23,move,walking,2015-10-23T08:28:19+08:00,2015-10-23T08:35:54+08:00,455.0,20151023T082819.csv
2015/10/23,place,Food Gallery 32,2015-10-23T08:35:54+08:00,2015-10-23T09:10:13+08:00,0,
2015/10/23,move,walking,2015-10-23T09:10:13+08:00,2015-10-23T09:15:44+08:00,331.0,20151023T091013.csv
2015/10/23,move,transport,2015-10-23T09:15:45+08:00,2015-10-23T09:36:29+08:00,1244.0,20151023T091545.csv
2015/10/23,move,walking,2015-10-23T09:36:29+08:00,2015-10-23T09:47:02+08:00,633.0,20151023T093629.csv
2015/10/23,place,Home,2015-10-23T09:47:02+08:00,2015-10-23T21:21:17+08:00,0,
2015/10/23,move,walking,2015-10-23T21:21:17+08:00,2015-10-23T21:31:50+08:00,633.0,20151023T212117.csv
2015/10/23,place,Hoyt Street - Fulton Mall (Uptown To Manhattan & Bronx only) ( 2 ) ( 3 ),2015-10-23T21:31:50+08:00,2015-10-23T21:50:34+08:00,0,
2015/10/23,move,transport,2015-10-23T21:50:34+08:00,2015-10-23T22:11:18+08:00,1244.0,20151023T215034.csv
2015/10/23,move,walking,2015-10-23T22:11:18+08:00,2015-10-23T22:19:22+08:00,484.0,20151023T221118.csv
2015/10/23,place,frog design,2015-10-23T22:19:22+08:00,2015-10-24T00:30:31+08:00,0,
2015/10/24,place,frog design,2015-10-23T22:19:22+08:00,2015-10-24T00:30:31+08:00,0,
2015/10/24,move,transport,2015-10-24T00:30:31+08:00,2015-10-24T00:33:13+08:00,162.0,20151024T003031.csv
2015/10/24,move,walking,2015-10-24T00:33:13+08:00,2015-10-24T00:43:17+08:00,604.0,20151024T003313.csv
2015/10/24,move,walking,2015-10-24T00:43:18+08:00,2015-10-24T00:44:26+08:00,68.0,20151024T004318.csv
2015/10/24,place,place,2015-10-24T00:44:26+08:00,2015-10-24T01:55:37+08:00,0,
2015/10/24,move,walking,2015-10-24T01:55:37+08:00,2015-10-24T02:03:12+08:00,455.0,20151024T015537.csv
2015/10/24,place,frog design,2015-10-24T02:03:12+08:00,2015-10-24T06:53:20+08:00,0,
2015/10/24,move,walking,2015-10-24T06:53:20+08:00,2015-10-24T07:13:13+08:00,1193.0,20151024T065320.csv
2015/10/24,place,place,2015-10-24T07:13:13+08:00,2015-10-24T07:43:11+08:00,0,
2015/10/24,move,walking,2015-10-24T07:43:11+08:00,2015-10-24T07:49:04+08:00,353.0,20151024T074311.csv
2015/10/24,place,place,2015-10-24T07:49:03+08:00,2015-10-24T07:58:02+08:00,0,
2015/10/24,move,walking,2015-10-24T07:58:02+08:00,2015-10-24T08:02:26+08:00,264.0,20151024T075802.csv
2015/10/24,place,place,2015-10-24T08:02:26+08:00,2015-10-24T08:11:28+08:00,0,
2015/10/24,move,walking,2015-10-24T08:11:28+08:00,2015-10-24T08:17:34+08:00,366.0,20151024T081128.csv
2015/10/24,place,place,2015-10-24T08:17:35+08:00,2015-10-24T09:11:30+08:00,0,
2015/10/24,move,walking,2015-10-24T09:11:30+08:00,2015-10-24T09:20:35+08:00,545.0,20151024T091130.csv
2015/10/24,place,Home,2015-10-24T09:20:36+08:00,2015-10-24T23:53:29+08:00,0,
2015/10/24,move,walking,2015-10-24T23:53:29+08:00,2015-10-24T23:57:34+08:00,245.0,20151024T235329.csv
2015/10/24,place,place,2015-10-24T23:57:34+08:00,2015-10-25T00:43:46+08:00,0,
2015/10/25,place,place,2015-10-24T23:57:34+08:00,2015-10-25T00:43:46+08:00,0,
2015/10/25,move,walking,2015-10-25T00:43:46+08:00,2015-10-25T00:47:35+08:00,229.0,20151025T004346.csv
2015/10/25,place,Home,2015-10-25T00:47:36+08:00,2015-10-25T01:22:12+08:00,0,
2015/10/25,move,transport,2015-10-25T01:22:12+08:00,2015-10-25T02:04:44+08:00,2552.0,20151025T012212.csv
2015/10/25,place,place,2015-10-25T02:04:43+08:00,2015-10-25T03:47:44+08:00,0,
2015/10/25,move,walking,2015-10-25T03:47:44+08:00,2015-10-25T03:50:49+08:00,185.0,20151025T034744.csv
2015/10/25,place,place,2015-10-25T03:50:49+08:00,2015-10-25T09:38:51+08:00,0,
2015/10/25,move,transport,2015-10-25T09:38:51+08:00,2015-10-25T18:48:58+08:00,33007.0,20151025T093851.csv
2015/10/25,move,walking,2015-10-25T18:48:57+08:00,2015-10-25T18:51:27+08:00,150.0,20151025T184857.csv
2015/10/25,move,transport,2015-10-25T19:44:31+08:00,2015-10-25T20:07:33+08:00,1382.0,20151025T194431.csv
2015/10/25,place,place,2015-10-25T20:07:33+08:00,2015-10-25T20:17:12+08:00,0,
2015/10/25,move,transport,2015-10-25T20:17:12+08:00,2015-10-25T20:19:18+08:00,126.0,20151025T201712.csv
2015/10/25,place,place,2015-10-25T20:19:18+08:00,2015-10-25T20:34:41+08:00,0,
2015/10/25,move,walking,2015-10-25T20:34:41+08:00,2015-10-25T20:53:53+08:00,1152.0,20151025T203441.csv
2015/10/25,place,place,2015-10-25T20:53:54+08:00,2015-10-25T21:24:50+08:00,0,
2015/10/25,move,walking,2015-10-25T21:24:50+08:00,2015-10-25T21:38:28+08:00,818.0,20151025T212450.csv
2015/10/25,place,place,2015-10-25T21:38:28+08:00,2015-10-26T07:47:44+08:00,0,
2015/10/26,place,place,2015-10-25T21:38:28+08:00,2015-10-26T07:47:44+08:00,0,
2015/10/26,move,transport,2015-10-26T07:47:44+08:00,2015-10-26T08:01:51+08:00,847.0,20151026T074744.csv
2015/10/26,place,place,2015-10-26T08:01:51+08:00,2015-10-26T21:11:40+08:00,0,
2015/10/26,move,walking,2015-10-26T21:11:40+08:00,2015-10-26T21:16:14+08:00,274.0,20151026T211140.csv
2015/10/26,move,transport,2015-10-26T21:16:14+08:00,2015-10-26T21:23:45+08:00,451.0,20151026T211614.csv
2015/10/26,move,walking,2015-10-26T21:23:45+08:00,2015-10-26T21:31:16+08:00,451.0,20151026T212345.csv
2015/10/26,move,transport,2015-10-26T21:31:15+08:00,2015-10-26T21:49:16+08:00,1081.0,20151026T213115.csv
2015/10/26,move,walking,2015-10-26T21:49:17+08:00,2015-10-26T21:54:24+08:00,307.0,20151026T214917.csv
2015/10/26,place,place,2015-10-26T21:54:24+08:00,2015-10-26T23:09:43+08:00,0,
2015/10/26,move,walking,2015-10-26T23:09:43+08:00,2015-10-26T23:12:44+08:00,181.0,20151026T230943.csv
2015/10/26,move,transport,2015-10-26T23:12:44+08:00,2015-10-26T23:27:35+08:00,891.0,20151026T231244.csv
2015/10/26,place,place,2015-10-26T23:27:35+08:00,2015-10-27T07:47:36+08:00,0,
2015/10/27,place,place,2015-10-26T23:27:35+08:00,2015-10-27T07:47:36+08:00,0,
2015/10/27,move,transport,2015-10-27T07:47:36+08:00,2015-10-27T08:01:30+08:00,834.0,20151027T074736.csv
2015/10/27,place,place,2015-10-27T08:01:29+08:00,2015-10-27T19:38:50+08:00,0,
2015/10/27,move,walking,2015-10-27T19:38:50+08:00,2015-10-27T19:59:36+08:00,1246.0,20151027T193850.csv
2015/10/27,place,place,2015-10-27T19:59:36+08:00,2015-10-27T20:04:46+08:00,0,
2015/10/27,move,transport,2015-10-27T20:04:46+08:00,2015-10-27T20:11:35+08:00,409.0,20151027T200446.csv
2015/10/27,move,walking,2015-10-27T20:11:35+08:00,2015-10-27T20:22:33+08:00,658.0,20151027T201135.csv
2015/10/27,place,place,2015-10-27T20:22:33+08:00,2015-10-28T07:48:20+08:00,0,
2015/10/28,place,place,2015-10-27T20:22:33+08:00,2015-10-28T07:48:20+08:00,0,
2015/10/28,move,transport,2015-10-28T07:48:20+08:00,2015-10-28T07:58:24+08:00,604.0,20151028T074820.csv
2015/10/28,place,place,2015-10-28T07:58:24+08:00,2015-10-28T17:42:41+08:00,0,
2015/10/28,move,walking,2015-10-28T17:42:41+08:00,2015-10-28T17:53:00+08:00,619.0,20151028T174241.csv
2015/10/28,place,place,2015-10-28T17:53:01+08:00,2015-10-28T18:04:05+08:00,0,
2015/10/28,move,transport,2015-10-28T18:04:05+08:00,2015-10-28T18:15:45+08:00,700.0,20151028T180405.csv
2015/10/28,move,walking,2015-10-28T18:15:44+08:00,2015-10-28T18:36:29+08:00,1245.0,20151028T181544.csv
2015/10/28,place,place,2015-10-28T18:36:29+08:00,2015-10-28T19:06:40+08:00,0,
2015/10/28,move,walking,2015-10-28T19:06:41+08:00,2015-10-28T19:16:39+08:00,598.0,20151028T190641.csv
2015/10/28,place,place,2015-10-28T19:16:38+08:00,2015-10-28T21:07:10+08:00,0,
2015/10/28,move,walking,2015-10-28T21:07:10+08:00,2015-10-28T21:23:51+08:00,1001.0,20151028T210710.csv
2015/10/28,place,place,2015-10-28T21:23:52+08:00,2015-10-28T22:30:49+08:00,0,
2015/10/28,move,transport,2015-10-28T22:30:49+08:00,2015-10-28T22:51:13+08:00,1224.0,20151028T223049.csv
2015/10/28,place,place,2015-10-28T22:51:14+08:00,2015-10-28T22:57:43+08:00,0,
2015/10/28,move,transport,2015-10-28T22:57:43+08:00,2015-10-28T23:09:14+08:00,691.0,20151028T225743.csv
2015/10/28,move,walking,2015-10-28T23:09:14+08:00,2015-10-28T23:11:49+08:00,155.0,20151028T230914.csv
2015/10/28,place,place,2015-10-28T23:11:48+08:00,2015-10-29T07:46:11+08:00,0,
2015/10/29,place,place,2015-10-28T23:11:48+08:00,2015-10-29T07:46:11+08:00,0,
2015/10/29,move,transport,2015-10-29T07:46:11+08:00,2015-10-29T08:02:24+08:00,973.0,20151029T074611.csv
2015/10/29,place,place,2015-10-29T08:02:24+08:00,2015-10-29T10:23:20+08:00,0,
2015/10/29,place,place,2015-10-29T16:32:01+08:00,2015-10-29T20:20:45+08:00,0,
2015/10/29,move,walking,2015-10-29T20:20:45+08:00,2015-10-29T20:34:58+08:00,853.0,20151029T202045.csv
2015/10/29,move,transport,2015-10-29T20:34:58+08:00,2015-10-29T20:46:59+08:00,721.0,20151029T203458.csv
2015/10/29,move,walking,2015-10-29T20:46:59+08:00,2015-10-29T20:51:32+08:00,273.0,20151029T204659.csv
2015/10/29,place,place,2015-10-29T20:51:32+08:00,2015-10-29T23:19:03+08:00,0,
2015/10/29,move,transport,2015-10-29T23:19:03+08:00,2015-10-29T23:31:48+08:00,765.0,20151029T231903.csv
2015/10/29,place,place,2015-10-29T23:31:48+08:00,2015-10-30T06:45:47+08:00,0,
2015/10/30,place,place,2015-10-29T23:31:48+08:00,2015-10-30T06:45:47+08:00,0,
2015/10/30,move,transport,2015-10-30T06:45:47+08:00,2015-10-30T06:58:36+08:00,769.0,20151030T064547.csv
2015/10/30,place,place,2015-10-30T06:58:36+08:00,2015-10-30T07:12:29+08:00,0,
2015/10/30,move,transport,2015-10-30T07:12:29+08:00,2015-10-30T07:27:59+08:00,930.0,20151030T071229.csv
2015/10/30,place,place,2015-10-30T07:27:59+08:00,2015-10-30T07:48:00+08:00,0,
2015/10/30,move,transport,2015-10-30T07:48:00+08:00,2015-10-30T07:59:58+08:00,718.0,20151030T074800.csv
2015/10/30,place,place,2015-10-30T07:59:58+08:00,2015-10-30T08:32:53+08:00,0,
2015/10/30,move,walking,2015-10-30T08:32:53+08:00,2015-10-30T08:46:11+08:00,798.0,20151030T083253.csv
2015/10/30,move,transport,2015-10-30T08:46:11+08:00,2015-10-30T09:09:19+08:00,1388.0,20151030T084611.csv
2015/10/30,move,walking,2015-10-30T09:09:19+08:00,2015-10-30T09:26:26+08:00,1027.0,20151030T090919.csv
2015/10/30,place,place,2015-10-30T09:26:26+08:00,2015-10-30T10:50:23+08:00,0,
2015/10/30,move,walking,2015-10-30T10:50:23+08:00,2015-10-30T11:02:17+08:00,714.0,20151030T105023.csv
2015/10/30,place,place,2015-10-30T11:02:16+08:00,2015-10-30T11:05:38+08:00,0,
2015/10/30,move,walking,2015-10-30T11:05:38+08:00,2015-10-30T11:14:13+08:00,515.0,20151030T110538.csv
2015/10/30,move,transport,2015-10-30T11:14:13+08:00,2015-10-30T11:34:20+08:00,1207.0,20151030T111413.csv
2015/10/30,move,walking,2015-10-30T11:34:21+08:00,2015-10-30T11:54:00+08:00,1179.0,20151030T113421.csv
2015/10/30,place,place,2015-10-30T11:54:00+08:00,2015-10-30T12:04:54+08:00,0,
2015/10/30,move,walking,2015-10-30T12:04:54+08:00,2015-10-30T12:19:32+08:00,878.0,20151030T120454.csv
2015/10/30,place,place,2015-10-30T12:19:32+08:00,2015-10-30T16:03:18+08:00,0,
2015/10/30,move,transport,2015-10-30T16:03:18+08:00,2015-10-30T16:21:53+08:00,1115.0,20151030T160318.csv
2015/10/30,place,place,2015-10-30T16:21:52+08:00,2015-10-30T17:42:37+08:00,0,
2015/10/30,place,place,2015-10-30T17:42:37+08:00,2015-10-30T17:56:04+08:00,0,
2015/10/30,move,walking,2015-10-30T17:56:04+08:00,2015-10-30T17:59:40+08:00,216.0,20151030T175604.csv
2015/10/30,place,place,2015-10-30T17:59:40+08:00,2015-10-30T18:07:58+08:00,0,
2015/10/30,move,walking,2015-10-30T18:07:58+08:00,2015-10-30T18:36:02+08:00,1684.0,20151030T180758.csv
2015/10/30,move,transport,2015-10-30T18:36:02+08:00,2015-10-30T18:55:33+08:00,1171.0,20151030T183602.csv
2015/10/30,move,walking,2015-10-30T18:55:33+08:00,2015-10-30T19:00:13+08:00,280.0,20151030T185533.csv
2015/10/30,place,place,2015-10-30T19:00:13+08:00,2015-10-30T19:24:06+08:00,0,
2015/10/30,move,walking,2015-10-30T19:24:06+08:00,2015-10-30T19:26:48+08:00,162.0,20151030T192406.csv
2015/10/30,place,place,2015-10-30T19:26:48+08:00,2015-10-30T21:52:16+08:00,0,
2015/10/30,move,transport,2015-10-30T21:52:16+08:00,2015-10-30T22:02:30+08:00,614.0,20151030T215216.csv
2015/10/30,move,walking,2015-10-30T22:02:30+08:00,2015-10-30T22:04:30+08:00,120.0,20151030T220230.csv
2015/10/30,move,transport,2015-10-30T22:04:30+08:00,2015-10-30T22:13:00+08:00,510.0,20151030T220430.csv
2015/10/30,move,walking,2015-10-30T22:13:00+08:00,2015-10-30T22:28:35+08:00,935.0,20151030T221300.csv
2015/10/30,place,place,2015-10-30T22:28:35+08:00,2015-10-31T07:13:15+08:00,0,
2015/10/31,place,place,2015-10-30T22:28:35+08:00,2015-10-31T07:13:15+08:00,0,
2015/10/31,move,walking,2015-10-31T07:13:15+08:00,2015-10-31T07:15:17+08:00,122.0,20151031T071315.csv
2015/10/31,move,transport,2015-10-31T07:15:16+08:00,2015-10-31T07:28:17+08:00,781.0,20151031T071516.csv
2015/10/31,move,walking,2015-10-31T07:28:17+08:00,2015-10-31T07:30:26+08:00,129.0,20151031T072817.csv
2015/10/31,place,place,2015-10-31T07:30:26+08:00,2015-10-31T07:52:21+08:00,0,
2015/10/31,move,walking,2015-10-31T07:52:21+08:00,2015-10-31T08:11:06+08:00,1125.0,20151031T075221.csv
2015/10/31,place,place,2015-10-31T08:11:06+08:00,2015-10-31T08:16:47+08:00,0,
2015/10/31,move,walking,2015-10-31T08:16:47+08:00,2015-10-31T08:30:57+08:00,850.0,20151031T081647.csv
2015/10/31,place,place,2015-10-31T08:30:56+08:00,2015-10-31T17:54:28+08:00,0,
2015/10/31,move,walking,2015-10-31T17:54:28+08:00,2015-10-31T18:05:39+08:00,671.0,20151031T175428.csv
2015/10/31,move,transport,2015-10-31T18:05:39+08:00,2015-10-31T18:16:12+08:00,633.0,20151031T180539.csv
2015/10/31,move,walking,2015-10-31T18:16:11+08:00,2015-10-31T18:21:12+08:00,301.0,20151031T181611.csv
2015/10/31,place,place,2015-10-31T18:21:12+08:00,2015-10-31T21:10:51+08:00,0,
2015/10/31,move,walking,2015-10-31T21:10:51+08:00,2015-10-31T21:17:45+08:00,414.0,20151031T211051.csv
2015/10/31,move,transport,2015-10-31T21:17:45+08:00,2015-10-31T21:37:16+08:00,1171.0,20151031T211745.csv
2015/10/31,move,walking,2015-10-31T21:37:16+08:00,2015-10-31T21:45:54+08:00,518.0,20151031T213716.csv
2015/10/31,place,place,2015-10-31T21:45:54+08:00,2015-11-01T12:34:35+08:00,0,
2015/11/01,place,place,2015-10-31T21:45:54+08:00,2015-11-01T12:34:35+08:00,0,
2015/11/01,move,walking,2015-11-01T12:34:35+08:00,2015-11-01T12:43:38+08:00,543.0,20151101T123435.csv
2015/11/01,move,transport,2015-11-01T12:43:38+08:00,2015-11-01T13:07:08+08:00,1410.0,20151101T124338.csv
2015/11/01,move,walking,2015-11-01T13:07:08+08:00,2015-11-01T13:15:39+08:00,511.0,20151101T130708.csv
2015/11/01,place,place,2015-11-01T13:15:40+08:00,2015-11-01T15:38:59+08:00,0,
2015/11/01,move,walking,2015-11-01T15:38:59+08:00,2015-11-01T15:58:11+08:00,1152.0,20151101T153859.csv
2015/11/01,place,place,2015-11-01T15:58:11+08:00,2015-11-01T16:18:45+08:00,0,
2015/11/01,move,walking,2015-11-01T16:18:45+08:00,2015-11-01T16:45:57+08:00,1632.0,20151101T161845.csv
2015/11/01,place,place,2015-11-01T16:45:57+08:00,2015-11-01T18:40:01+08:00,0,
2015/11/01,move,walking,2015-11-01T18:40:01+08:00,2015-11-01T18:51:14+08:00,673.0,20151101T184001.csv
2015/11/01,place,place,2015-11-01T18:51:15+08:00,2015-11-01T19:03:15+08:00,0,
2015/11/01,place,place,2015-11-01T19:59:04+08:00,2015-11-02T07:42:03+08:00,0,
2015/11/02,place,place,2015-11-01T19:59:04+08:00,2015-11-02T07:42:03+08:00,0,
2015/11/02,move,transport,2015-11-02T07:42:03+08:00,2015-11-02T07:57:40+08:00,937.0,20151102T074203.csv
2015/11/02,move,walking,2015-11-02T07:57:40+08:00,2015-11-02T07:59:45+08:00,125.0,20151102T075740.csv
2015/11/02,place,place,2015-11-02T07:59:45+08:00,2015-11-02T17:51:25+08:00,0,
2015/11/02,move,walking,2015-11-02T17:51:25+08:00,2015-11-02T18:03:57+08:00,752.0,20151102T175125.csv
2015/11/02,move,transport,2015-11-02T18:03:56+08:00,2015-11-02T18:15:03+08:00,667.0,20151102T180356.csv
2015/11/02,move,walking,2015-11-02T18:15:03+08:00,2015-11-02T18:27:37+08:00,754.0,20151102T181503.csv
2015/11/02,place,place,2015-11-02T18:27:37+08:00,2015-11-02T19:50:09+08:00,0,
2015/11/02,move,walking,2015-11-02T19:50:09+08:00,2015-11-02T20:08:34+08:00,1105.0,20151102T195009.csv
2015/11/02,place,place,2015-11-02T20:08:34+08:00,2015-11-02T21:37:57+08:00,0,
2015/11/02,move,walking,2015-11-02T21:37:57+08:00,2015-11-02T21:45:06+08:00,429.0,20151102T213757.csv
2015/11/02,move,transport,2015-11-02T21:45:06+08:00,2015-11-02T21:54:36+08:00,570.0,20151102T214506.csv
2015/11/02,move,walking,2015-11-02T21:54:36+08:00,2015-11-02T21:57:36+08:00,180.0,20151102T215436.csv
2015/11/02,move,transport,2015-11-02T21:57:36+08:00,2015-11-02T22:03:37+08:00,361.0,20151102T215736.csv
2015/11/02,move,walking,2015-11-02T22:03:37+08:00,2015-11-02T22:16:42+08:00,785.0,20151102T220337.csv
2015/11/02,place,place,2015-11-02T22:16:41+08:00,2015-11-03T08:42:35+08:00,0,
2015/11/03,place,place,2015-11-02T22:16:41+08:00,2015-11-03T08:42:35+08:00,0,
2015/11/03,move,walking,2015-11-03T08:42:35+08:00,2015-11-03T09:15:19+08:00,1964.0,20151103T084235.csv
2015/11/03,move,walking,2015-11-03T09:15:18+08:00,2015-11-03T09:22:28+08:00,430.0,20151103T091518.csv
2015/11/03,place,place,2015-11-03T09:22:28+08:00,2015-11-03T18:02:25+08:00,0,
2015/11/03,move,walking,2015-11-03T18:02:25+08:00,2015-11-03T18:17:58+08:00,933.0,20151103T180225.csv
2015/11/03,place,place,2015-11-03T18:17:58+08:00,2015-11-03T18:20:12+08:00,0,
2015/11/03,move,walking,2015-11-03T18:20:12+08:00,2015-11-03T18:41:53+08:00,1301.0,20151103T182012.csv
2015/11/03,place,place,2015-11-03T18:41:53+08:00,2015-11-03T19:59:15+08:00,0,
2015/11/03,move,walking,2015-11-03T19:59:15+08:00,2015-11-03T20:36:01+08:00,2206.0,20151103T195915.csv
2015/11/03,place,place,2015-11-03T20:36:00+08:00,2015-11-04T09:35:06+08:00,0,
2015/11/04,place,place,2015-11-03T20:36:00+08:00,2015-11-04T09:35:06+08:00,0,
2015/11/04,move,walking,2015-11-04T09:35:06+08:00,2015-11-04T09:37:15+08:00,129.0,20151104T093506.csv
2015/11/04,move,transport,2015-11-04T09:37:15+08:00,2015-11-04T10:05:46+08:00,1711.0,20151104T093715.csv
2015/11/04,place,place,2015-11-04T10:05:46+08:00,2015-11-04T11:17:41+08:00,0,
2015/11/04,move,walking,2015-11-04T11:17:41+08:00,2015-11-04T11:52:21+08:00,2080.0,20151104T111741.csv
2015/11/04,place,place,2015-11-04T11:52:21+08:00,2015-11-04T12:00:22+08:00,0,
2015/11/04,move,transport,2015-11-04T12:00:22+08:00,2015-11-04T12:16:54+08:00,992.0,20151104T120022.csv
2015/11/04,place,place,2015-11-04T12:16:53+08:00,2015-11-04T13:36:31+08:00,0,
2015/11/04,move,transport,2015-11-04T13:36:31+08:00,2015-11-04T14:09:16+08:00,1965.0,20151104T133631.csv
2015/11/04,move,walking,2015-11-04T14:09:16+08:00,2015-11-04T14:13:49+08:00,273.0,20151104T140916.csv
2015/11/04,place,place,2015-11-04T14:13:49+08:00,2015-11-04T18:11:04+08:00,0,
2015/11/04,move,walking,2015-11-04T18:11:04+08:00,2015-11-04T18:21:10+08:00,606.0,20151104T181104.csv
2015/11/04,place,place,2015-11-04T18:21:09+08:00,2015-11-04T19:28:30+08:00,0,
2015/11/04,move,walking,2015-11-04T19:28:30+08:00,2015-11-04T19:34:06+08:00,336.0,20151104T192830.csv
2015/11/04,move,transport,2015-11-04T19:34:06+08:00,2015-11-04T19:45:37+08:00,691.0,20151104T193406.csv
2015/11/04,move,walking,2015-11-04T19:45:37+08:00,2015-11-04T19:51:48+08:00,371.0,20151104T194537.csv
2015/11/04,place,place,2015-11-04T19:51:47+08:00,2015-11-04T22:13:49+08:00,0,
2015/11/04,move,transport,2015-11-04T22:13:49+08:00,2015-11-04T22:24:05+08:00,616.0,20151104T221349.csv
2015/11/04,place,place,2015-11-04T22:24:06+08:00,2015-11-05T09:18:21+08:00,0,
2015/11/05,place,place,2015-11-04T22:24:06+08:00,2015-11-05T09:18:21+08:00,0,
2015/11/05,move,transport,2015-11-05T09:18:21+08:00,2015-11-05T09:34:50+08:00,989.0,20151105T091821.csv
2015/11/05,place,place,2015-11-05T09:34:49+08:00,2015-11-05T20:40:42+08:00,0,
2015/11/05,move,walking,2015-11-05T20:40:42+08:00,2015-11-05T21:07:28+08:00,1606.0,20151105T204042.csv
2015/11/05,place,place,2015-11-05T21:07:27+08:00,2015-11-05T21:23:18+08:00,0,
2015/11/05,move,walking,2015-11-05T21:23:18+08:00,2015-11-05T21:30:28+08:00,430.0,20151105T212318.csv
2015/11/05,place,place,2015-11-05T21:30:28+08:00,2015-11-06T05:32:56+08:00,0,
2015/11/06,place,place,2015-11-05T21:30:28+08:00,2015-11-06T05:32:56+08:00,0,
2015/11/06,move,walking,2015-11-06T05:32:56+08:00,2015-11-06T05:37:08+08:00,252.0,20151106T053256.csv
2015/11/06,move,transport,2015-11-06T05:37:07+08:00,2015-11-06T06:11:39+08:00,2072.0,20151106T053707.csv
2015/11/06,move,walking,2015-11-06T06:11:39+08:00,2015-11-06T06:18:42+08:00,423.0,20151106T061139.csv
2015/11/06,place,place,2015-11-06T06:18:42+08:00,2015-11-06T06:31:09+08:00,0,
2015/11/06,move,walking,2015-11-06T06:31:09+08:00,2015-11-06T06:34:45+08:00,216.0,20151106T063109.csv
2015/11/06,place,place,2015-11-06T06:34:45+08:00,2015-11-06T06:39:38+08:00,0,
2015/11/06,move,transport,2015-11-06T06:39:38+08:00,2015-11-06T06:47:09+08:00,451.0,20151106T063938.csv
2015/11/06,place,place,2015-11-06T06:47:09+08:00,2015-11-06T07:05:33+08:00,0,
2015/11/06,move,transport,2015-11-06T07:05:33+08:00,2015-11-06T09:30:01+08:00,8668.0,20151106T070533.csv
2015/11/06,move,walking,2015-11-06T09:30:01+08:00,2015-11-06T09:39:14+08:00,553.0,20151106T093001.csv
2015/11/06,place,place,2015-11-06T09:39:14+08:00,2015-11-06T09:43:52+08:00,0,
2015/11/06,move,transport,2015-11-06T09:43:53+08:00,2015-11-06T10:15:59+08:00,1926.0,20151106T094353.csv
2015/11/06,place,place,2015-11-06T10:15:59+08:00,2015-11-06T10:27:27+08:00,0,
2015/11/06,place,place,2015-11-06T10:27:27+08:00,2015-11-06T10:53:34+08:00,0,
2015/11/06,move,transport,2015-11-06T10:53:34+08:00,2015-11-06T11:22:00+08:00,1706.0,20151106T105334.csv
2015/11/06,place,place,2015-11-06T11:22:00+08:00,2015-11-06T12:50:53+08:00,0,
2015/11/06,move,transport,2015-11-06T12:50:53+08:00,2015-11-06T12:57:22+08:00,389.0,20151106T125053.csv
2015/11/06,place,place,2015-11-06T12:57:23+08:00,2015-11-06T13:42:49+08:00,0,
2015/11/06,move,transport,2015-11-06T13:42:49+08:00,2015-11-06T13:46:21+08:00,212.0,20151106T134249.csv
2015/11/06,place,place,2015-11-06T13:46:20+08:00,2015-11-06T13:48:25+08:00,0,
2015/11/06,move,walking,2015-11-06T13:48:25+08:00,2015-11-06T13:53:15+08:00,290.0,20151106T134825.csv
2015/11/06,place,place,2015-11-06T13:53:16+08:00,2015-11-06T14:05:57+08:00,0,
2015/11/06,move,transport,2015-11-06T14:05:57+08:00,2015-11-06T14:42:05+08:00,2168.0,20151106T140557.csv
2015/11/06,place,place,2015-11-06T14:42:04+08:00,2015-11-06T17:44:48+08:00,0,
2015/11/06,move,walking,2015-11-06T17:44:48+08:00,2015-11-06T17:47:36+08:00,168.0,20151106T174448.csv
2015/11/06,place,place,2015-11-06T17:47:36+08:00,2015-11-06T18:00:26+08:00,0,
2015/11/06,move,transport,2015-11-06T18:00:26+08:00,2015-11-06T18:30:27+08:00,1801.0,20151106T180026.csv
2015/11/06,move,walking,2015-11-06T18:30:27+08:00,2015-11-06T18:32:31+08:00,124.0,20151106T183027.csv
2015/11/06,place,place,2015-11-06T18:32:31+08:00,2015-11-06T20:22:55+08:00,0,
2015/11/06,move,walking,2015-11-06T20:22:55+08:00,2015-11-06T20:33:47+08:00,652.0,20151106T202255.csv
2015/11/06,place,place,2015-11-06T20:33:46+08:00,2015-11-06T20:42:13+08:00,0,
2015/11/06,move,walking,2015-11-06T20:42:13+08:00,2015-11-06T20:54:42+08:00,749.0,20151106T204213.csv
2015/11/06,place,place,2015-11-06T21:50:38+08:00,2015-11-07T08:19:16+08:00,0,
2015/11/07,place,place,2015-11-06T21:50:38+08:00,2015-11-07T08:19:16+08:00,0,
2015/11/07,move,walking,2015-11-07T08:19:16+08:00,2015-11-07T08:26:17+08:00,421.0,20151107T081916.csv
2015/11/07,move,transport,2015-11-07T08:26:18+08:00,2015-11-07T08:40:25+08:00,847.0,20151107T082618.csv
2015/11/07,move,walking,2015-11-07T08:40:25+08:00,2015-11-07T08:47:31+08:00,426.0,20151107T084025.csv
2015/11/07,place,place,2015-11-07T08:47:30+08:00,2015-11-07T09:09:42+08:00,0,
2015/11/07,move,walking,2015-11-07T09:09:42+08:00,2015-11-07T09:33:07+08:00,1405.0,20151107T090942.csv
2015/11/07,place,place,2015-11-07T09:33:07+08:00,2015-11-07T09:36:54+08:00,0,
2015/11/07,move,walking,2015-11-07T09:36:54+08:00,2015-11-07T09:43:07+08:00,373.0,20151107T093654.csv
2015/11/07,place,place,2015-11-07T09:43:07+08:00,2015-11-07T09:52:15+08:00,0,
2015/11/07,move,walking,2015-11-07T09:52:16+08:00,2015-11-07T10:05:22+08:00,786.0,20151107T095216.csv
2015/11/07,place,place,2015-11-07T10:05:22+08:00,2015-11-07T10:14:52+08:00,0,
2015/11/07,move,transport,2015-11-07T10:14:52+08:00,2015-11-07T10:17:32+08:00,160.0,20151107T101452.csv
2015/11/07,move,walking,2015-11-07T10:17:32+08:00,2015-11-07T10:22:19+08:00,287.0,20151107T101732.csv
2015/11/07,place,place,2015-11-07T10:22:19+08:00,2015-11-07T11:02:02+08:00,0,
2015/11/07,move,walking,2015-11-07T11:02:03+08:00,2015-11-07T11:08:11+08:00,368.0,20151107T110203.csv
2015/11/07,place,place,2015-11-07T11:08:11+08:00,2015-11-07T13:13:27+08:00,0,
2015/11/07,move,walking,2015-11-07T13:13:27+08:00,2015-11-07T13:25:35+08:00,728.0,20151107T131327.csv
2015/11/07,place,place,2015-11-07T13:25:36+08:00,2015-11-07T13:26:24+08:00,0,
2015/11/07,move,walking,2015-11-07T13:26:24+08:00,2015-11-07T13:36:43+08:00,619.0,20151107T132624.csv
2015/11/07,place,place,2015-11-07T13:36:43+08:00,2015-11-07T13:40:45+08:00,0,
2015/11/07,move,walking,2015-11-07T13:40:45+08:00,2015-11-07T13:44:03+08:00,198.0,20151107T134045.csv
2015/11/07,move,transport,2015-11-07T13:44:03+08:00,2015-11-07T14:03:04+08:00,1141.0,20151107T134403.csv
2015/11/07,move,walking,2015-11-07T14:03:04+08:00,2015-11-07T14:13:41+08:00,637.0,20151107T140304.csv
2015/11/07,place,place,2015-11-07T14:13:41+08:00,2015-11-07T15:10:20+08:00,0,
2015/11/07,move,walking,2015-11-07T15:10:20+08:00,2015-11-07T15:25:06+08:00,886.0,20151107T151020.csv
2015/11/07,place,place,2015-11-07T15:25:05+08:00,2015-11-07T16:15:05+08:00,0,
2015/11/07,place,place,2015-11-07T16:15:05+08:00,2015-11-07T16:25:05+08:00,0,
2015/11/07,move,walking,2015-11-07T16:25:05+08:00,2015-11-07T16:36:41+08:00,696.0,20151107T162505.csv
2015/11/07,move,transport,2015-11-07T16:36:40+08:00,2015-11-07T17:10:05+08:00,2005.0,20151107T163640.csv
2015/11/07,place,place,2015-11-07T17:10:04+08:00,2015-11-07T17:27:05+08:00,0,
2015/11/07,move,walking,2015-11-07T17:27:05+08:00,2015-11-07T17:30:51+08:00,226.0,20151107T172705.csv
2015/11/07,place,place,2015-11-07T17:30:51+08:00,2015-11-07T17:33:37+08:00,0,
2015/11/07,move,walking,2015-11-07T17:33:37+08:00,2015-11-07T17:37:02+08:00,205.0,20151107T173337.csv
2015/11/07,place,place,2015-11-07T17:37:02+08:00,2015-11-07T17:41:13+08:00,0,
2015/11/07,move,walking,2015-11-07T17:41:13+08:00,2015-11-07T17:45:31+08:00,258.0,20151107T174113.csv
2015/11/07,move,transport,2015-11-07T17:45:30+08:00,2015-11-07T19:59:17+08:00,8027.0,20151107T174530.csv
2015/11/07,place,place,2015-11-07T19:59:17+08:00,2015-11-07T20:27:03+08:00,0,
2015/11/07,move,transport,2015-11-07T20:27:03+08:00,2015-11-07T21:44:02+08:00,4619.0,20151107T202703.csv
2015/11/07,move,walking,2015-11-07T21:44:01+08:00,2015-11-07T21:52:31+08:00,510.0,20151107T214401.csv
2015/11/07,move,transport,2015-11-07T21:52:32+08:00,2015-11-07T22:12:33+08:00,1201.0,20151107T215232.csv
2015/11/07,move,walking,2015-11-07T22:12:33+08:00,2015-11-07T22:16:33+08:00,240.0,20151107T221233.csv
2015/11/07,move,transport,2015-11-07T22:16:33+08:00,2015-11-07T22:23:06+08:00,393.0,20151107T221633.csv
2015/11/07,place,place,2015-11-07T22:23:07+08:00,2015-11-07T22:44:57+08:00,0,
2015/11/07,move,transport,2015-11-07T22:44:57+08:00,2015-11-07T22:50:41+08:00,344.0,20151107T224457.csv
2015/11/07,move,walking,2015-11-07T22:50:41+08:00,2015-11-07T23:04:17+08:00,816.0,20151107T225041.csv
2015/11/07,place,place,2015-11-07T23:04:16+08:00,2015-11-08T10:47:39+08:00,0,
2015/11/08,place,place,2015-11-07T23:04:16+08:00,2015-11-08T10:47:39+08:00,0,
2015/11/08,move,walking,2015-11-08T10:47:39+08:00,2015-11-08T10:55:47+08:00,488.0,20151108T104739.csv
2015/11/08,move,transport,2015-11-08T10:55:47+08:00,2015-11-08T11:07:48+08:00,721.0,20151108T105547.csv
2015/11/08,move,walking,2015-11-08T11:07:47+08:00,2015-11-08T11:11:19+08:00,212.0,20151108T110747.csv
2015/11/08,place,place,2015-11-08T11:11:19+08:00,2015-11-08T19:02:27+08:00,0,
2015/11/08,move,walking,2015-11-08T19:02:27+08:00,2015-11-08T19:20:16+08:00,1069.0,20151108T190227.csv
2015/11/08,place,place,2015-11-08T19:20:16+08:00,2015-11-08T19:54:18+08:00,0,
2015/11/08,move,walking,2015-11-08T19:54:18+08:00,2015-11-08T20:02:31+08:00,493.0,20151108T195418.csv
2015/11/08,place,place,2015-11-08T20:02:30+08:00,2015-11-08T20:06:18+08:00,0,
2015/11/08,move,walking,2015-11-08T20:06:18+08:00,2015-11-08T20:18:01+08:00,703.0,20151108T200618.csv
2015/11/08,place,place,2015-11-08T20:18:02+08:00,2015-11-09T07:47:10+08:00,0,
2015/11/09,place,place,2015-11-08T20:18:02+08:00,2015-11-09T07:47:10+08:00,0,
2015/11/09,move,running,2015-11-09T07:47:10+08:00,2015-11-09T08:27:25+08:00,2415.0,20151109T074710.csv
2015/11/09,place,place,2015-11-09T08:27:25+08:00,2015-11-09T09:16:58+08:00,0,
2015/11/09,move,transport,2015-11-09T09:16:58+08:00,2015-11-09T09:33:01+08:00,963.0,20151109T091658.csv
2015/11/09,place,place,2015-11-09T09:33:00+08:00,2015-11-09T19:41:16+08:00,0,
2015/11/09,move,walking,2015-11-09T19:41:16+08:00,2015-11-09T20:23:36+08:00,2540.0,20151109T194116.csv
2015/11/09,place,place,2015-11-09T20:23:35+08:00,2015-11-10T09:05:52+08:00,0,
2015/11/10,place,place,2015-11-09T20:23:35+08:00,2015-11-10T09:05:52+08:00,0,
2015/11/10,move,walking,2015-11-10T09:05:52+08:00,2015-11-10T09:08:59+08:00,187.0,20151110T090552.csv
2015/11/10,place,place,2015-11-10T09:08:59+08:00,2015-11-10T09:30:50+08:00,0,
2015/11/10,move,walking,2015-11-10T09:30:50+08:00,2015-11-10T10:15:30+08:00,2680.0,20151110T093050.csv
2015/11/10,place,place,2015-11-10T10:15:30+08:00,2015-11-10T19:15:29+08:00,0,
2015/11/10,move,walking,2015-11-10T19:15:29+08:00,2015-11-10T19:27:04+08:00,695.0,20151110T191529.csv
2015/11/10,move,transport,2015-11-10T19:27:03+08:00,2015-11-10T19:38:04+08:00,661.0,20151110T192703.csv
2015/11/10,move,walking,2015-11-10T19:38:04+08:00,2015-11-10T19:49:35+08:00,691.0,20151110T193804.csv
2015/11/10,move,transport,2015-11-10T19:49:34+08:00,2015-11-10T20:03:06+08:00,812.0,20151110T194934.csv
2015/11/10,move,walking,2015-11-10T20:03:05+08:00,2015-11-10T20:14:36+08:00,691.0,20151110T200305.csv
2015/11/10,place,place,2015-11-10T20:14:36+08:00,2015-11-11T09:15:42+08:00,0,
2015/11/11,place,place,2015-11-10T20:14:36+08:00,2015-11-11T09:15:42+08:00,0,
2015/11/11,move,transport,2015-11-11T09:15:42+08:00,2015-11-11T09:24:19+08:00,517.0,20151111T091542.csv
2015/11/11,place,place,2015-11-11T09:24:20+08:00,2015-11-11T17:51:58+08:00,0,
2015/11/11,move,walking,2015-11-11T17:51:58+08:00,2015-11-11T17:59:40+08:00,462.0,20151111T175158.csv
2015/11/11,move,transport,2015-11-11T17:59:40+08:00,2015-11-11T18:18:11+08:00,1111.0,20151111T175940.csv
2015/11/11,move,walking,2015-11-11T18:18:11+08:00,2015-11-11T18:20:11+08:00,120.0,20151111T181811.csv
2015/11/11,move,transport,2015-11-11T18:20:11+08:00,2015-11-11T18:32:18+08:00,727.0,20151111T182011.csv
2015/11/11,move,walking,2015-11-11T18:32:18+08:00,2015-11-11T18:39:55+08:00,457.0,20151111T183218.csv
2015/11/11,place,place,2015-11-11T18:39:55+08:00,2015-11-11T18:53:15+08:00,0,
2015/11/11,move,walking,2015-11-11T18:53:15+08:00,2015-11-11T19:14:02+08:00,1247.0,20151111T185315.csv
2015/11/11,place,place,2015-11-11T19:14:02+08:00,2015-11-11T20:12:57+08:00,0,
2015/11/11,move,walking,2015-11-11T20:12:57+08:00,2015-11-11T20:23:59+08:00,662.0,20151111T201257.csv
2015/11/11,place,place,2015-11-11T20:31:29+08:00,2015-11-11T20:46:53+08:00,0,
2015/11/11,move,transport,2015-11-11T20:46:53+08:00,2015-11-11T21:02:43+08:00,950.0,20151111T204653.csv
2015/11/11,move,walking,2015-11-11T21:02:43+08:00,2015-11-11T21:08:26+08:00,343.0,20151111T210243.csv
2015/11/11,place,place,2015-11-11T21:08:26+08:00,2015-11-11T22:49:36+08:00,0,
2015/11/11,move,transport,2015-11-11T22:49:36+08:00,2015-11-11T23:05:17+08:00,941.0,20151111T224936.csv
2015/11/11,move,walking,2015-11-11T23:05:16+08:00,2015-11-11T23:08:16+08:00,180.0,20151111T230516.csv
2015/11/11,place,place,2015-11-11T23:08:16+08:00,2015-11-12T09:24:03+08:00,0,
2015/11/12,place,place,2015-11-11T23:08:16+08:00,2015-11-12T09:24:03+08:00,0,
2015/11/12,move,walking,2015-11-12T09:24:03+08:00,2015-11-12T10:01:11+08:00,2228.0,20151112T092403.csv
2015/11/12,place,place,2015-11-12T10:01:11+08:00,2015-11-12T20:34:20+08:00,0,
2015/11/12,move,walking,2015-11-12T20:34:20+08:00,2015-11-12T20:42:26+08:00,486.0,20151112T203420.csv
2015/11/12,move,transport,2015-11-12T20:42:26+08:00,2015-11-12T20:51:40+08:00,554.0,20151112T204226.csv
2015/11/12,place,place,2015-11-12T20:51:41+08:00,2015-11-12T20:58:44+08:00,0,
2015/11/12,move,walking,2015-11-12T20:58:44+08:00,2015-11-12T21:06:06+08:00,442.0,20151112T205844.csv
2015/11/12,place,place,2015-11-12T21:06:05+08:00,2015-11-13T10:38:49+08:00,0,
2015/11/13,place,place,2015-11-12T21:06:05+08:00,2015-11-13T10:38:49+08:00,0,
2015/11/13,move,walking,2015-11-13T10:38:49+08:00,2015-11-13T10:59:01+08:00,1212.0,20151113T103849.csv
2015/11/13,place,place,2015-11-13T10:59:01+08:00,2015-11-13T11:01:27+08:00,0,
2015/11/13,move,walking,2015-11-13T11:01:27+08:00,2015-11-13T11:22:31+08:00,1264.0,20151113T110127.csv
2015/11/13,place,place,2015-11-13T11:22:31+08:00,2015-11-13T18:40:29+08:00,0,
2015/11/13,move,walking,2015-11-13T18:40:29+08:00,2015-11-13T18:53:46+08:00,797.0,20151113T184029.csv
2015/11/13,place,place,2015-11-13T18:53:47+08:00,2015-11-13T19:50:15+08:00,0,
2015/11/13,move,walking,2015-11-13T19:50:15+08:00,2015-11-13T19:54:54+08:00,279.0,20151113T195015.csv
2015/11/13,move,transport,2015-11-13T19:54:54+08:00,2015-11-13T19:57:24+08:00,150.0,20151113T195454.csv
2015/11/13,move,walking,2015-11-13T19:57:24+08:00,2015-11-13T20:08:02+08:00,638.0,20151113T195724.csv
2015/11/13,place,place,2015-11-13T20:08:02+08:00,2015-11-13T20:15:43+08:00,0,
2015/11/13,move,walking,2015-11-13T20:15:43+08:00,2015-11-13T20:27:26+08:00,703.0,20151113T201543.csv
2015/11/13,place,place,2015-11-13T20:27:27+08:00,2015-11-13T21:00:53+08:00,0,
2015/11/13,move,transport,2015-11-13T21:00:53+08:00,2015-11-13T21:23:58+08:00,1385.0,20151113T210053.csv
2015/11/13,move,walking,2015-11-13T21:23:57+08:00,2015-11-13T21:54:41+08:00,1844.0,20151113T212357.csv
2015/11/13,place,place,2015-11-13T21:54:41+08:00,2015-11-13T21:59:27+08:00,0,
2015/11/13,move,transport,2015-11-13T21:59:27+08:00,2015-11-13T22:34:38+08:00,2111.0,20151113T215927.csv
2015/11/13,move,walking,2015-11-13T22:34:38+08:00,2015-11-13T22:38:16+08:00,218.0,20151113T223438.csv
2015/11/13,place,place,2015-11-13T22:38:16+08:00,2015-11-14T08:20:03+08:00,0,
2015/11/14,place,place,2015-11-13T22:38:16+08:00,2015-11-14T08:20:03+08:00,0,
2015/11/14,move,transport,2015-11-14T08:20:04+08:00,2015-11-14T08:29:52+08:00,588.0,20151114T082004.csv
2015/11/14,move,walking,2015-11-14T08:29:51+08:00,2015-11-14T08:32:07+08:00,136.0,20151114T082951.csv
2015/11/14,place,place,2015-11-14T08:32:08+08:00,2015-11-14T08:41:50+08:00,0,
2015/11/14,move,walking,2015-11-14T08:41:50+08:00,2015-11-14T08:49:33+08:00,463.0,20151114T084150.csv
2015/11/14,place,place,2015-11-14T08:49:33+08:00,2015-11-14T08:53:14+08:00,0,
2015/11/14,move,walking,2015-11-14T08:53:14+08:00,2015-11-14T08:59:56+08:00,402.0,20151114T085314.csv
2015/11/14,place,place,2015-11-14T08:59:56+08:00,2015-11-14T10:39:08+08:00,0,
2015/11/14,move,walking,2015-11-14T10:39:08+08:00,2015-11-14T10:47:49+08:00,521.0,20151114T103908.csv
2015/11/14,place,place,2015-11-14T10:47:50+08:00,2015-11-14T10:55:04+08:00,0,
2015/11/14,move,transport,2015-11-14T10:55:04+08:00,2015-11-14T10:57:31+08:00,147.0,20151114T105504.csv
2015/11/14,move,walking,2015-11-14T10:57:31+08:00,2015-11-14T11:07:07+08:00,576.0,20151114T105731.csv
2015/11/14,place,place,2015-11-14T11:07:07+08:00,2015-11-14T13:53:29+08:00,0,
2015/11/14,move,transport,2015-11-14T13:53:29+08:00,2015-11-14T14:10:49+08:00,1040.0,20151114T135329.csv
2015/11/14,move,walking,2015-11-14T14:10:49+08:00,2015-11-14T14:14:17+08:00,208.0,20151114T141049.csv
2015/11/14,place,place,2015-11-14T14:14:17+08:00,2015-11-14T14:19:02+08:00,0,
2015/11/14,move,walking,2015-11-14T14:19:02+08:00,2015-11-14T14:37:18+08:00,1096.0,20151114T141902.csv
2015/11/14,place,place,2015-11-14T14:37:18+08:00,2015-11-14T14:51:52+08:00,0,
2015/11/14,move,transport,2015-11-14T14:51:52+08:00,2015-11-14T15:12:35+08:00,1243.0,20151114T145152.csv
2015/11/14,move,walking,2015-11-14T15:12:34+08:00,2015-11-14T15:15:11+08:00,157.0,20151114T151234.csv
2015/11/14,place,place,2015-11-14T15:15:11+08:00,2015-11-14T15:39:48+08:00,0,
2015/11/14,place,place,2015-11-14T15:39:48+08:00,2015-11-14T15:59:36+08:00,0,
2015/11/14,move,walking,2015-11-14T15:59:36+08:00,2015-11-14T16:34:23+08:00,2087.0,20151114T155936.csv
2015/11/14,place,place,2015-11-14T16:34:23+08:00,2015-11-14T16:48:22+08:00,0,
2015/11/14,place,place,2015-11-14T16:48:22+08:00,2015-11-14T16:58:10+08:00,0,
2015/11/14,move,transport,2015-11-14T16:58:10+08:00,2015-11-14T17:43:04+08:00,2694.0,20151114T165810.csv
2015/11/14,place,place,2015-11-14T17:43:04+08:00,2015-11-14T17:49:28+08:00,0,
2015/11/14,move,walking,2015-11-14T17:49:28+08:00,2015-11-14T18:06:02+08:00,994.0,20151114T174928.csv
2015/11/14,place,place,2015-11-14T18:06:02+08:00,2015-11-14T18:17:10+08:00,0,
2015/11/14,place,place,2015-11-14T18:17:10+08:00,2015-11-14T18:28:23+08:00,0,
2015/11/14,move,walking,2015-11-14T18:28:23+08:00,2015-11-14T18:47:50+08:00,1167.0,20151114T182823.csv
2015/11/14,move,walking,2015-11-14T18:47:49+08:00,2015-11-14T18:49:09+08:00,80.0,20151114T184749.csv
2015/11/14,place,place,2015-11-14T18:49:08+08:00,2015-11-14T21:10:49+08:00,0,
2015/11/14,move,transport,2015-11-14T21:10:49+08:00,2015-11-14T21:19:53+08:00,544.0,20151114T211049.csv
2015/11/14,move,walking,2015-11-14T21:19:53+08:00,2015-11-14T21:22:05+08:00,132.0,20151114T211953.csv
2015/11/14,place,place,2015-11-14T21:22:05+08:00,2015-11-14T21:43:10+08:00,0,
2015/11/14,move,walking,2015-11-14T21:43:10+08:00,2015-11-14T21:49:50+08:00,400.0,20151114T214310.csv
2015/11/14,move,walking,2015-11-14T21:49:49+08:00,2015-11-14T21:50:39+08:00,50.0,20151114T214949.csv
2015/11/14,place,place,2015-11-14T21:50:38+08:00,2015-11-15T09:41:21+08:00,0,
2015/11/15,place,place,2015-11-14T21:50:38+08:00,2015-11-15T09:41:21+08:00,0,
2015/11/15,move,walking,2015-11-15T09:41:21+08:00,2015-11-15T09:52:02+08:00,641.0,20151115T094121.csv
2015/11/15,place,place,2015-11-15T09:52:02+08:00,2015-11-15T10:26:00+08:00,0,
2015/11/15,move,walking,2015-11-15T10:26:00+08:00,2015-11-15T10:29:39+08:00,219.0,20151115T102600.csv
2015/11/15,place,place,2015-11-15T10:29:40+08:00,2015-11-15T12:47:42+08:00,0,
2015/11/15,move,walking,2015-11-15T12:47:42+08:00,2015-11-15T13:23:07+08:00,2125.0,20151115T124742.csv
2015/11/15,place,place,2015-11-15T13:23:06+08:00,2015-11-15T19:42:58+08:00,0,
2015/11/15,move,walking,2015-11-15T19:42:58+08:00,2015-11-15T19:53:02+08:00,604.0,20151115T194258.csv
2015/11/15,move,transport,2015-11-15T19:53:01+08:00,2015-11-15T19:57:01+08:00,240.0,20151115T195301.csv
2015/11/15,move,walking,2015-11-15T19:57:02+08:00,2015-11-15T20:07:14+08:00,612.0,20151115T195702.csv
2015/11/15,place,place,2015-11-15T20:07:14+08:00,2015-11-16T07:21:23+08:00,0,
2015/11/16,place,place,2015-11-15T20:07:14+08:00,2015-11-16T07:21:23+08:00,0,
2015/11/16,move,walking,2015-11-16T07:21:23+08:00,2015-11-16T07:31:24+08:00,601.0,20151116T072123.csv
2015/11/16,move,transport,2015-11-16T07:31:25+08:00,2015-11-16T07:39:25+08:00,480.0,20151116T073125.csv
2015/11/16,move,walking,2015-11-16T07:39:25+08:00,2015-11-16T07:43:31+08:00,246.0,20151116T073925.csv
2015/11/16,place,place,2015-11-16T07:43:31+08:00,2015-11-16T07:45:53+08:00,0,
2015/11/16,move,walking,2015-11-16T07:45:53+08:00,2015-11-16T07:53:31+08:00,458.0,20151116T074553.csv
2015/11/16,place,place,2015-11-16T07:53:31+08:00,2015-11-16T08:52:19+08:00,0,
2015/11/16,move,walking,2015-11-16T08:52:19+08:00,2015-11-16T09:12:15+08:00,1196.0,20151116T085219.csv
2015/11/16,place,place,2015-11-16T09:12:15+08:00,2015-11-16T19:06:39+08:00,0,
2015/11/16,move,walking,2015-11-16T19:06:39+08:00,2015-11-16T19:26:59+08:00,1220.0,20151116T190639.csv
2015/11/16,place,place,2015-11-16T19:26:59+08:00,2015-11-16T21:04:36+08:00,0,
2015/11/16,move,walking,2015-11-16T21:04:36+08:00,2015-11-16T21:15:40+08:00,664.0,20151116T210436.csv
2015/11/16,move,transport,2015-11-16T21:15:40+08:00,2015-11-16T21:23:40+08:00,480.0,20151116T211540.csv
2015/11/16,move,walking,2015-11-16T21:23:40+08:00,2015-11-16T21:33:47+08:00,607.0,20151116T212340.csv
2015/11/16,place,place,2015-11-16T21:33:47+08:00,2015-11-17T13:32:47+08:00,0,
2015/11/17,place,place,2015-11-16T21:33:47+08:00,2015-11-17T13:32:47+08:00,0,
2015/11/17,move,walking,2015-11-17T13:32:47+08:00,2015-11-17T14:01:05+08:00,1698.0,20151117T133247.csv
2015/11/17,place,place,2015-11-17T14:01:04+08:00,2015-11-17T15:16:41+08:00,0,
2015/11/17,move,walking,2015-11-17T15:16:41+08:00,2015-11-17T15:34:41+08:00,1080.0,20151117T151641.csv
2015/11/17,place,place,2015-11-17T15:34:42+08:00,2015-11-17T17:07:43+08:00,0,
2015/11/17,move,walking,2015-11-17T17:07:43+08:00,2015-11-17T17:24:01+08:00,978.0,20151117T170743.csv
2015/11/17,place,place,2015-11-17T17:24:01+08:00,2015-11-17T17:40:26+08:00,0,
2015/11/17,move,walking,2015-11-17T17:40:26+08:00,2015-11-17T17:52:01+08:00,695.0,20151117T174026.csv
2015/11/17,place,place,2015-11-17T17:52:02+08:00,2015-11-17T17:53:31+08:00,0,
2015/11/17,move,walking,2015-11-17T17:53:31+08:00,2015-11-17T18:04:32+08:00,661.0,20151117T175331.csv
2015/11/17,place,place,2015-11-17T18:04:32+08:00,2015-11-17T19:16:51+08:00,0,
2015/11/17,move,walking,2015-11-17T19:16:51+08:00,2015-11-17T19:31:26+08:00,875.0,20151117T191651.csv
2015/11/17,move,transport,2015-11-17T19:31:26+08:00,2015-11-17T19:37:22+08:00,356.0,20151117T193126.csv
2015/11/17,place,place,2015-11-17T19:37:23+08:00,2015-11-17T19:41:22+08:00,0,
2015/11/17,move,walking,2015-11-17T19:41:22+08:00,2015-11-17T19:50:02+08:00,520.0,20151117T194122.csv
2015/11/17,place,place,2015-11-17T19:50:03+08:00,2015-11-18T07:45:18+08:00,0,
2015/11/18,place,place,2015-11-17T19:50:03+08:00,2015-11-18T07:45:18+08:00,0,
2015/11/18,move,transport,2015-11-18T07:45:18+08:00,2015-11-18T08:02:45+08:00,1047.0,20151118T074518.csv
2015/11/18,place,place,2015-11-18T08:02:45+08:00,2015-11-18T18:12:13+08:00,0,
2015/11/18,move,transport,2015-11-18T18:12:13+08:00,2015-11-18T18:32:50+08:00,1237.0,20151118T181213.csv
2015/11/18,move,walking,2015-11-18T18:32:50+08:00,2015-11-18T18:38:07+08:00,317.0,20151118T183250.csv
2015/11/18,place,place,2015-11-18T18:38:07+08:00,2015-11-18T20:14:55+08:00,0,
2015/11/18,move,walking,2015-11-18T20:14:55+08:00,2015-11-18T20:23:09+08:00,494.0,20151118T201455.csv
2015/11/18,place,place,2015-11-18T20:23:09+08:00,2015-11-18T21:43:35+08:00,0,
2015/11/18,move,walking,2015-11-18T21:43:35+08:00,2015-11-18T21:56:40+08:00,785.0,20151118T214335.csv
2015/11/18,move,transport,2015-11-18T21:56:41+08:00,2015-11-18T22:23:58+08:00,1637.0,20151118T215641.csv
2015/11/18,place,place,2015-11-18T22:23:58+08:00,2015-11-19T09:20:39+08:00,0,
2015/11/19,place,place,2015-11-18T22:23:58+08:00,2015-11-19T09:20:39+08:00,0,
2015/11/19,move,transport,2015-11-19T09:20:39+08:00,2015-11-19T09:33:28+08:00,769.0,20151119T092039.csv
2015/11/19,place,place,2015-11-19T09:33:28+08:00,2015-11-19T14:43:37+08:00,0,
2015/11/19,move,walking,2015-11-19T14:43:37+08:00,2015-11-19T15:22:00+08:00,2303.0,20151119T144337.csv
2015/11/19,place,place,2015-11-19T15:21:59+08:00,2015-11-19T20:32:44+08:00,0,
2015/11/19,move,walking,2015-11-19T20:32:44+08:00,2015-11-19T20:47:18+08:00,874.0,20151119T203244.csv
2015/11/19,move,transport,2015-11-19T20:47:18+08:00,2015-11-19T20:54:48+08:00,450.0,20151119T204718.csv
2015/11/19,move,walking,2015-11-19T20:54:49+08:00,2015-11-19T21:05:57+08:00,668.0,20151119T205449.csv
2015/11/19,place,place,2015-11-19T21:05:57+08:00,2015-11-20T10:16:35+08:00,0,
2015/11/20,place,place,2015-11-19T21:05:57+08:00,2015-11-20T10:16:35+08:00,0,
2015/11/20,move,walking,2015-11-20T10:16:35+08:00,2015-11-20T10:52:42+08:00,2167.0,20151120T101635.csv
2015/11/20,place,place,2015-11-20T10:52:42+08:00,2015-11-20T16:35:33+08:00,0,
2015/11/20,move,walking,2015-11-20T16:35:33+08:00,2015-11-20T16:39:39+08:00,246.0,20151120T163533.csv
2015/11/20,move,transport,2015-11-20T16:39:39+08:00,2015-11-20T17:52:19+08:00,4360.0,20151120T163939.csv
2015/11/20,move,walking,2015-11-20T17:52:18+08:00,2015-11-20T17:57:58+08:00,340.0,20151120T175218.csv
2015/11/20,place,place,2015-11-20T17:57:58+08:00,2015-11-20T18:12:38+08:00,0,
2015/11/20,move,walking,2015-11-20T18:12:38+08:00,2015-11-20T18:22:53+08:00,615.0,20151120T181238.csv
2015/11/20,place,place,2015-11-20T18:22:53+08:00,2015-11-20T19:55:00+08:00,0,
2015/11/20,move,walking,2015-11-20T19:55:00+08:00,2015-11-20T20:01:37+08:00,397.0,20151120T195500.csv
2015/11/20,place,place,2015-11-20T20:01:36+08:00,2015-11-20T20:03:57+08:00,0,
2015/11/20,move,walking,2015-11-20T20:03:57+08:00,2015-11-20T20:06:37+08:00,160.0,20151120T200357.csv
2015/11/20,place,place,2015-11-20T20:06:37+08:00,2015-11-20T20:36:35+08:00,0,
2015/11/20,move,transport,2015-11-20T20:36:35+08:00,2015-11-20T22:02:09+08:00,5134.0,20151120T203635.csv
2015/11/20,move,walking,2015-11-20T22:02:08+08:00,2015-11-20T22:03:51+08:00,103.0,20151120T220208.csv
2015/11/20,place,place,2015-11-20T22:03:51+08:00,2015-11-20T22:19:17+08:00,0,
2015/11/20,move,walking,2015-11-20T22:19:17+08:00,2015-11-20T22:24:53+08:00,336.0,20151120T221917.csv
2015/11/20,place,place,2015-11-20T22:24:53+08:00,2015-11-20T22:30:48+08:00,0,
2015/11/20,move,walking,2015-11-20T22:30:48+08:00,2015-11-20T22:32:52+08:00,124.0,20151120T223048.csv
2015/11/20,move,transport,2015-11-20T22:32:52+08:00,2015-11-20T22:46:20+08:00,808.0,20151120T223252.csv
2015/11/20,move,walking,2015-11-20T22:46:20+08:00,2015-11-20T22:51:29+08:00,309.0,20151120T224620.csv
2015/11/20,place,place,2015-11-20T22:51:30+08:00,2015-11-20T23:09:20+08:00,0,
2015/11/20,move,walking,2015-11-20T23:09:20+08:00,2015-11-20T23:15:59+08:00,399.0,20151120T230920.csv
2015/11/20,place,place,2015-11-20T23:16:00+08:00,2015-11-21T01:27:10+08:00,0,
2015/11/21,place,place,2015-11-20T23:16:00+08:00,2015-11-21T01:27:10+08:00,0,
2015/11/21,move,walking,2015-11-21T01:27:10+08:00,2015-11-21T01:34:24+08:00,434.0,20151121T012710.csv
2015/11/21,place,place,2015-11-21T01:34:24+08:00,2015-11-21T09:21:21+08:00,0,
2015/11/21,move,walking,2015-11-21T09:21:21+08:00,2015-11-21T09:28:23+08:00,422.0,20151121T092121.csv
2015/11/21,place,place,2015-11-21T09:28:23+08:00,2015-11-21T09:32:42+08:00,0,
2015/11/21,move,walking,2015-11-21T09:32:42+08:00,2015-11-21T09:38:00+08:00,318.0,20151121T093242.csv
2015/11/21,place,place,2015-11-21T09:38:00+08:00,2015-11-21T10:32:54+08:00,0,
2015/11/21,move,transport,2015-11-21T10:32:54+08:00,2015-11-21T11:05:06+08:00,1932.0,20151121T103254.csv
2015/11/21,place,place,2015-11-21T11:05:06+08:00,2015-11-21T11:05:53+08:00,0,
2015/11/21,move,walking,2015-11-21T11:05:53+08:00,2015-11-21T11:54:23+08:00,2910.0,20151121T110553.csv
2015/11/21,place,place,2015-11-21T11:54:22+08:00,2015-11-21T12:09:10+08:00,0,
2015/11/21,move,walking,2015-11-21T12:09:10+08:00,2015-11-21T12:13:43+08:00,273.0,20151121T120910.csv
2015/11/21,place,place,2015-11-21T12:13:44+08:00,2015-11-21T12:16:05+08:00,0,
2015/11/21,move,walking,2015-11-21T12:16:05+08:00,2015-11-21T12:24:42+08:00,517.0,20151121T121605.csv
2015/11/21,place,place,2015-11-21T12:24:42+08:00,2015-11-21T12:29:40+08:00,0,
2015/11/21,move,walking,2015-11-21T12:29:40+08:00,2015-11-21T12:36:42+08:00,422.0,20151121T122940.csv
2015/11/21,move,transport,2015-11-21T12:36:42+08:00,2015-11-21T12:49:32+08:00,770.0,20151121T123642.csv
2015/11/21,place,place,2015-11-21T12:49:31+08:00,2015-11-21T12:52:55+08:00,0,
2015/11/21,move,walking,2015-11-21T12:52:55+08:00,2015-11-21T12:55:09+08:00,134.0,20151121T125255.csv
2015/11/21,move,transport,2015-11-21T12:55:08+08:00,2015-11-21T13:26:05+08:00,1857.0,20151121T125508.csv
2015/11/21,place,place,2015-11-21T13:26:05+08:00,2015-11-21T14:03:06+08:00,0,
2015/11/21,place,place,2015-11-21T14:03:46+08:00,2015-11-21T14:15:56+08:00,0,
2015/11/21,move,walking,2015-11-21T14:15:56+08:00,2015-11-21T14:18:37+08:00,161.0,20151121T141556.csv
2015/11/21,move,transport,2015-11-21T14:18:38+08:00,2015-11-21T14:49:40+08:00,1862.0,20151121T141838.csv
2015/11/21,move,walking,2015-11-21T14:49:39+08:00,2015-11-21T14:51:39+08:00,120.0,20151121T144939.csv
2015/11/21,place,place,2015-11-21T14:51:39+08:00,2015-11-21T15:13:44+08:00,0,
2015/11/21,move,transport,2015-11-21T15:13:44+08:00,2015-11-21T15:39:56+08:00,1572.0,20151121T151344.csv
2015/11/21,place,place,2015-11-21T15:39:56+08:00,2015-11-21T15:59:12+08:00,0,
2015/11/21,place,place,2015-11-21T15:59:12+08:00,2015-11-21T16:11:32+08:00,0,
2015/11/21,move,transport,2015-11-21T16:11:32+08:00,2015-11-21T16:22:09+08:00,637.0,20151121T161132.csv
2015/11/21,place,place,2015-11-21T16:22:09+08:00,2015-11-21T17:54:34+08:00,0,
2015/11/21,move,transport,2015-11-21T17:54:34+08:00,2015-11-21T18:37:24+08:00,2570.0,20151121T175434.csv
2015/11/21,place,place,2015-11-21T18:37:23+08:00,2015-11-21T20:52:35+08:00,0,
2015/11/21,move,walking,2015-11-21T20:52:35+08:00,2015-11-21T21:20:38+08:00,1683.0,20151121T205235.csv
2015/11/21,move,transport,2015-11-21T21:20:38+08:00,2015-11-21T21:35:39+08:00,901.0,20151121T212038.csv
2015/11/21,move,walking,2015-11-21T21:35:38+08:00,2015-11-21T21:41:40+08:00,362.0,20151121T213538.csv
2015/11/21,place,place,2015-11-21T21:41:40+08:00,2015-11-21T21:51:03+08:00,0,
2015/11/21,move,transport,2015-11-21T21:51:03+08:00,2015-11-21T23:11:18+08:00,4815.0,20151121T215103.csv
2015/11/21,place,place,2015-11-21T23:11:17+08:00,2015-11-21T23:30:29+08:00,0,
2015/11/21,move,transport,2015-11-21T23:30:29+08:00,2015-11-22T00:00:00+08:00,1771.0,20151121T233029.csv
2015/11/22,move,transport,2015-11-22T00:00:00+08:00,2015-11-22T00:07:44+08:00,464.0,20151122T000000.csv
2015/11/22,place,place,2015-11-22T00:07:43+08:00,2015-11-22T08:52:02+08:00,0,
2015/11/22,move,walking,2015-11-22T08:52:02+08:00,2015-11-22T09:02:42+08:00,640.0,20151122T085202.csv
2015/11/22,move,transport,2015-11-22T09:02:42+08:00,2015-11-22T09:10:42+08:00,480.0,20151122T090242.csv
2015/11/22,move,walking,2015-11-22T09:10:42+08:00,2015-11-22T09:16:30+08:00,348.0,20151122T091042.csv
2015/11/22,move,walking,2015-11-22T09:16:31+08:00,2015-11-22T09:18:29+08:00,118.0,20151122T091631.csv
2015/11/22,place,place,2015-11-22T09:18:29+08:00,2015-11-22T10:28:37+08:00,0,
2015/11/22,move,walking,2015-11-22T10:28:37+08:00,2015-11-22T10:47:34+08:00,1137.0,20151122T102837.csv
2015/11/22,place,place,2015-11-22T10:47:33+08:00,2015-11-22T17:40:40+08:00,0,
2015/11/22,move,walking,2015-11-22T17:40:40+08:00,2015-11-22T17:54:12+08:00,812.0,20151122T174040.csv
2015/11/22,move,transport,2015-11-22T17:54:12+08:00,2015-11-22T18:00:43+08:00,391.0,20151122T175412.csv
2015/11/22,move,walking,2015-11-22T18:00:42+08:00,2015-11-22T18:23:09+08:00,1347.0,20151122T180042.csv
2015/11/22,place,place,2015-11-22T18:23:10+08:00,2015-11-22T18:26:29+08:00,0,
2015/11/22,move,walking,2015-11-22T18:26:29+08:00,2015-11-22T18:38:00+08:00,691.0,20151122T182629.csv
2015/11/22,place,place,2015-11-22T18:38:00+08:00,2015-11-22T18:49:47+08:00,0,
2015/11/22,move,transport,2015-11-22T18:49:47+08:00,2015-11-22T19:19:13+08:00,1766.0,20151122T184947.csv
2015/11/22,place,place,2015-11-22T19:19:13+08:00,2015-11-22T20:49:16+08:00,0,
2015/11/22,move,transport,2015-11-22T20:49:16+08:00,2015-11-22T21:17:59+08:00,1723.0,20151122T204916.csv
2015/11/22,move,walking,2015-11-22T21:17:58+08:00,2015-11-22T21:21:12+08:00,194.0,20151122T211758.csv
2015/11/22,place,place,2015-11-22T21:21:13+08:00,2015-11-23T07:05:59+08:00,0,
2015/11/23,place,place,2015-11-22T21:21:13+08:00,2015-11-23T07:05:59+08:00,0,
2015/11/23,move,walking,2015-11-23T07:05:59+08:00,2015-11-23T07:19:08+08:00,789.0,20151123T070559.csv
2015/11/23,place,place,2015-11-23T07:19:08+08:00,2015-11-23T08:24:27+08:00,0,
2015/11/23,move,walking,2015-11-23T08:24:27+08:00,2015-11-23T08:36:08+08:00,701.0,20151123T082427.csv
2015/11/23,place,place,2015-11-23T08:36:09+08:00,2015-11-23T09:17:57+08:00,0,
2015/11/23,move,transport,2015-11-23T09:17:57+08:00,2015-11-23T09:31:51+08:00,834.0,20151123T091757.csv
2015/11/23,move,walking,2015-11-23T09:31:51+08:00,2015-11-23T09:34:55+08:00,184.0,20151123T093151.csv
2015/11/23,place,place,2015-11-23T09:34:55+08:00,2015-11-23T18:49:30+08:00,0,
2015/11/23,move,transport,2015-11-23T18:49:30+08:00,2015-11-23T19:03:56+08:00,866.0,20151123T184930.csv
2015/11/23,place,place,2015-11-23T19:03:56+08:00,2015-11-23T19:08:05+08:00,0,
2015/11/23,move,transport,2015-11-23T19:08:05+08:00,2015-11-23T19:25:24+08:00,1039.0,20151123T190805.csv
2015/11/23,place,place,2015-11-23T19:25:25+08:00,2015-11-23T21:12:11+08:00,0,
2015/11/23,move,walking,2015-11-23T21:12:11+08:00,2015-11-23T21:18:18+08:00,367.0,20151123T211211.csv
2015/11/23,move,transport,2015-11-23T21:18:18+08:00,2015-11-23T21:23:48+08:00,330.0,20151123T211818.csv
2015/11/23,move,walking,2015-11-23T21:23:48+08:00,2015-11-23T21:27:48+08:00,240.0,20151123T212348.csv
2015/11/23,move,transport,2015-11-23T21:27:48+08:00,2015-11-23T21:42:49+08:00,901.0,20151123T212748.csv
2015/11/23,move,walking,2015-11-23T21:42:49+08:00,2015-11-23T21:46:22+08:00,213.0,20151123T214249.csv
2015/11/23,place,place,2015-11-23T21:46:22+08:00,2015-11-24T09:06:39+08:00,0,
2015/11/24,place,place,2015-11-23T21:46:22+08:00,2015-11-24T09:06:39+08:00,0,
2015/11/24,move,walking,2015-11-24T09:06:39+08:00,2015-11-24T09:15:30+08:00,531.0,20151124T090639.csv
2015/11/24,move,transport,2015-11-24T09:15:30+08:00,2015-11-24T09:43:44+08:00,1694.0,20151124T091530.csv
2015/11/24,move,walking,2015-11-24T09:43:44+08:00,2015-11-24T09:47:20+08:00,216.0,20151124T094344.csv
2015/11/24,place,place,2015-11-24T09:47:21+08:00,2015-11-24T12:21:07+08:00,0,
2015/11/24,move,walking,2015-11-24T12:21:07+08:00,2015-11-24T12:31:47+08:00,640.0,20151124T122107.csv
2015/11/24,place,place,2015-11-24T12:31:47+08:00,2015-11-24T13:20:37+08:00,0,
2015/11/24,move,walking,2015-11-24T13:20:37+08:00,2015-11-24T13:30:18+08:00,581.0,20151124T132037.csv
2015/11/24,move,transport,2015-11-24T13:30:17+08:00,2015-11-24T13:41:24+08:00,667.0,20151124T133017.csv
2015/11/24,move,walking,2015-11-24T13:41:24+08:00,2015-11-24T13:43:54+08:00,150.0,20151124T134124.csv
2015/11/24,move,transport,2015-11-24T13:43:54+08:00,2015-11-24T14:07:26+08:00,1412.0,20151124T134354.csv
2015/11/24,move,walking,2015-11-24T14:07:25+08:00,2015-11-24T14:19:59+08:00,754.0,20151124T140725.csv
2015/11/24,place,place,2015-11-24T14:20:00+08:00,2015-11-24T15:19:12+08:00,0,
2015/11/24,move,walking,2015-11-24T15:19:12+08:00,2015-11-24T15:33:26+08:00,854.0,20151124T151912.csv
2015/11/24,place,place,2015-11-24T15:33:26+08:00,2015-11-24T15:40:20+08:00,0,
2015/11/24,move,walking,2015-11-24T15:40:21+08:00,2015-11-24T15:46:06+08:00,345.0,20151124T154021.csv
2015/11/24,place,place,2015-11-24T15:46:05+08:00,2015-11-24T15:57:31+08:00,0,
2015/11/24,move,walking,2015-11-24T15:57:31+08:00,2015-11-24T16:03:58+08:00,387.0,20151124T155731.csv
2015/11/24,place,place,2015-11-24T16:03:58+08:00,2015-11-24T17:38:28+08:00,0,
2015/11/24,move,walking,2015-11-24T17:38:28+08:00,2015-11-24T18:00:51+08:00,1343.0,20151124T173828.csv
2015/11/24,place,place,2015-11-24T18:00:50+08:00,2015-11-24T23:09:40+08:00,0,
2015/11/24,move,walking,2015-11-24T23:09:40+08:00,2015-11-24T23:17:17+08:00,457.0,20151124T230940.csv
2015/11/24,move,transport,2015-11-24T23:17:17+08:00,2015-11-24T23:23:17+08:00,360.0,20151124T231717.csv
2015/11/24,move,walking,2015-11-24T23:23:17+08:00,2015-11-24T23:25:52+08:00,155.0,20151124T232317.csv
2015/11/24,place,place,2015-11-24T23:25:53+08:00,2015-11-25T07:21:36+08:00,0,
2015/11/25,place,place,2015-11-24T23:25:53+08:00,2015-11-25T07:21:36+08:00,0,
2015/11/25,move,walking,2015-11-25T07:21:36+08:00,2015-11-25T07:32:13+08:00,637.0,20151125T072136.csv
2015/11/25,move,walking,2015-11-25T07:32:14+08:00,2015-11-25T07:34:05+08:00,111.0,20151125T073214.csv
2015/11/25,place,place,2015-11-25T07:34:05+08:00,2015-11-25T08:26:50+08:00,0,
2015/11/25,move,walking,2015-11-25T08:26:50+08:00,2015-11-25T08:39:10+08:00,740.0,20151125T082650.csv
2015/11/25,place,place,2015-11-25T08:39:10+08:00,2015-11-25T09:23:50+08:00,0,
2015/11/25,move,transport,2015-11-25T09:23:50+08:00,2015-11-25T09:38:51+08:00,901.0,20151125T092350.csv
2015/11/25,place,place,2015-11-25T09:38:50+08:00,2015-11-25T15:44:33+08:00,0,
